"Pins","Country","Network","Amount"
"5225-531-850-7045
2601-289-555-1344
1035-313-335-2481
8461-556-741-2052
1722-347-118-5144





","Bangladesh","GP","500"
"5225-531-850-7045
2601-289-555-1344
1035-313-335-2481
8461-556-741-2052
1722-347-118-5144





","Bangladesh ","Airtel","300"
"5225-531-850-7045
2601-289-555-1344
1035-313-335-2481
8461-556-741-2052
1722-347-118-5144





","Bangladesh ","Grameenphone ","500"
"5225-531-850-7045
2601-289-555-1344
1035-313-335-2481
8461-556-741-2052
1722-347-118-5144





","Bangladesh ","Grameenphone ","500"
"5225-531-850-7045
2601-289-555-1344
1035-313-335-2481
8461-556-741-2052
1722-347-118-5144





","Bangladesh ","Robi","400"